{"Read":6.00000000000001,"SummaryAnalyse":12,"BubbleAnalyse":150636,"LanguageAnalyse":1.99999999998113,"QuickAnalyse":2105.00000000002}