{"Read":0.046156652,"SummaryAnalyse":0.000876225,"BubbleAnalyse":0.102508357,"QuickAnalyse":0.000835767,"LanguageAnalyse":0.000236211}