{"Read":28.176738,"SummaryAnalyse":2.4668099999999997,"BubbleAnalyse":8284.928152,"QuickAnalyse":13.873843,"LanguageAnalyse":2.508027}