{"QuickAnalyse": 0.00831913948059082, "Read": 0.0019218921661376953, "BubbleAnalyse": 0.44109606742858887, "LanguageAnalyse": 0.0006058216094970703, "SummaryAnalyse": 0.001207590103149414}