{"QuickAnalyse": 110.32843589782715, "SummaryAnalyse": 10.109901428222656, "BubbleAnalyse": 35775.6507396698, "LanguageAnalyse": 7.236957550048828, "Read": 20.779132843017578}